Afghanistan:Kabul
Australia:Canberra
Bahrein:Manama
Bangladesh:Dacca
Bhutan:Thimbu
Burma:Rangoon
China:Peking
Cyprus:Nicosia
India:New Delhi
Indonesia:Djakarta
Iran:Tehran
Iraq:Baghdad
Israel:Jerusalem
Japan:Tokyo
Jordan:Amman
Khmer|Cambodia:P{h}nom Penh
Kuwait:Al-kuwait
Laos:Vientiane
Lebanon:Beirut
Malaysia:Kuala Lumpur
Maldive Islands:Male
Mongolia:Ulan Bator
Nepal:Katmandu
North Korea:P{'}yongyang
North Yemen:San{'}a
Oman:Muscat
Pakistan:Islamabad
Papua[-| ]New Guinea:Port Moresby
Philippines:Quezon City
Qatar:Doha
Saudi Arabia:Riyadh|J{ei}ddah
Singapore:Singapore
South Korea:Seoul
South Yemen:Aden
Sri Lanka:Colombo
Syria:Damascus
Taiwan:Taipei
Thailand:Bangkok
Turkey:Ankara
United Arab Emirates:Abu Dhabi
Vietnam:Hanoi
