# Airport Code : Airport
#	@(#)airport	8.1 (Berkeley) 6/8/93
CAK:Akron/Canton Regional
ABQ:Albuquerque International
ABE:Allentown-Bethlehem-Easton International
ANC:Anchorage International
AVL:Asheville (NC) Regional
ATL:Atlanta William B. Hartsfield International
AIY:Atlantic City International
AUS:Austin Robert Mueller Municipal
BWI:Baltimore-Washington International
BGR:Bangor International
BTR:Baton Rouge
BIL:Billings Logan International
BHM:Birmingham Municipal
BIS:Bismarck Municipal
BOI:Boise Air Terminal/Gowen Field
BOS:Boston Logan International
BUF:Buffalo International
BUR:Burbank/Glendale/Pasadena
BTV:Burlington International
CPR:Casper/Natrone County International
CRM:Charleston (WV) Yeager
CHS:Charleston (SC) International
CLT:Charlotte/Douglas International
CYS:Cheyenne
MDW:Chicago Midway
ORD:Chicago-O'Hare International
CGX:Chicago Merrill C. Meigs Field
CVG:Cincinnati International
CLE:Cleveland-Hopkins International
BKL:Cleveland Lakefront
CAE:Columbia (SC) Metropolitan
CMH:Columbus (OH) International
CRP:Corpus Christi International
DFW:Dallas-Ft. Worth International
DAL:Dallas Love Field
DAY:Dayton James M. Cox International
DEN:Denver Stapleton International
DSM:Des Moines International
DET:Detroit City
DTW:Detroit Metropolitan/Wayne County
ELP:El Paso International
FAI:Fairbanks International
FAR:Fargo Hector International
FLL:Ft. Lauderdale-Hollywood International
RSW:Ft. Meyers Southwest Florida Regional
FWA:Ft. Wayne Allen County
FAT:Fresno Air Terminal
GRR:Grand Rapids/Kent County International
GSO:Greensboro-High Pt.-Winston Salem Regional
MDT:Harrisburg International
BDL:Hartford/Springfield Bradley International
ITO:Hilo General Lyman Field
HNL:Honolulu International
HOT:Hot Springs Memorial Field
IAH:Houston Intercontinental
HOU:Houston William P. Hobby
IND:Indianapolis International
ITH:Ithaca Tompkins County
JAN:Jackson Municipal/Thompson Field
JAX:Jacksonville (FL) International
OAJ:Jacksonville (NC) Albert J. Ellis
JNU:Juneau International
OGG:Kahului (HI)
KOA:Kailua-Kona Keahole (HI)
MCI:Kansas City International
MKC:Kansas City Downtown
EYW:Key West International
TYS:Knoxville McGhee Tyson
LAN:Lansing Capital City
LAS:Las Vegas McCarran International
LIH:Lihue (HI)
LIT:Little Rock Regional
LNK:Lincoln Municipal
LGB:Long Beach Daugherty Field
LAX:Los Angeles International
SDF:Louisville Standiford Field
MSN:Madison (WI) Dane County Regional
MHT:Manchester
MEM:Memphis International
MIA:Miami International
MKE:Milwaukee General Mitchell International
MSP:Minneapolis-St. Paul International
MSO:Missoula County
MOB:Mobile Municipal/Bates Field
MLI:Moline Quad City
MGM:Montgomery Municipal/Dannelly Field
BNA:Nashville Metro
EWR:Newark International
HVN:New Haven Tweed
MSY:New Orleans International
PHF:Newport News Patrick Henry International
JFK:New York John F. Kennedy International
LGA:New York La Guardia
ORF:Norfolk International
OAK:Oakland International
OKC:Oklahoma City Will Rogers World
OLM:Olympia (WA)
OMA:Omaha Eppley Airfield
ONT:Ontario (CA) International
MCO:Orlando International
PBI:Palm Beach International
PSP:Palm Springs Municipal
PHL:Philadelphia International
PHX:Phoenix Sky Harbor International
AGC:Pittsburgh/Allegheny County
PIT:Pittsburgh International
PWM:Portland (ME) International Jetport
PDX:Portland (OR) International
PVD:Providence Theodore Francis Green State
RDU:Raleigh-Durham
RNO:Reno Cannon International
RIC:Richmond International/Byrd Field
ROC:Rochester International
SMF:Sacramento Metro
MBS:Saginaw Tri-City
STL:St. Louis/Lambert International
PIE:St. Petersburg/Clearwater
SLC:Salt Lake City International
SAT:San Antonio International
SAN:San Diego International/Lindbergh Field
SFO:San Francisco International
SJC:San Jose (CA) International
SNA:Santa Ana/Orange County/John Wayne
SBA:Santa Barbara Municipal
SAV:Savannah International
BFI:Seattle Kings County International/Boeing Field
SEA:Seattle-Tacoma International
SUX:Sioux City International
FSD:Sioux Falls Regional
GEG:Spokane International
SGF:Springfield (MO) Regional
SYR:Syracuse Hancock International
TPA:Tampa International
HUF:Terre Haute Hulman Regional
TOL:Toledo Express
FOE:Topeka Forbes Field
TUL:Tulsa International
TUS:Tucson International
UCA:Utica/Oneida County
DCA:Washington National
IAD:Washington Dulles
HPN:White Plains/Westchester County
SPS:Wichita Falls
ICT:Wichita Mid-Continent
ILG:Wilmington/New Castle County
INT:Winston-Salem Smith Reynolds
